-- << Address >> --
INSERT INTO address (id, latitude, longitude)
VALUES (1, 35.8804367, 128.5784586),
       (2, 35.88973824, 128.5596631),
       (3, 35.8901545, 128.5605071),
       (4, 35.89009722, 128.6190667),
       (5, 35.8900645, 128.5575349),
       (6, 35.89003301, 128.5641586),
       (7, 35.8899455, 128.6009181),
       (8, 35.88935019, 128.5552382),
       (9, 35.88920513, 128.5547843),
       (10, 35.88899386, 128.6334461);

-- << Car Center >> --
INSERT INTO car_center (id, name, address_id, number, start_time, end_time, price, content)
VALUES (1, '다우 카센터', 1, '053-880-4367', '01:00:00','18:00:00', 1000, 'content'),
       (2, '삼영카센타 ', 2, '053-973-3824', '02:00:00','18:00:00', 2000, 'content'),
       (3, '동아상사', 3, '053-890-1545', '03:00:00','18:00:00', 3000, 'content'),
       (4, '책임카센타', 4, '053-904-9722', '04:00:00','18:00:00', 4000, 'content'),
       (5, '(주)오토세븐', 5, '053-115-4158', '05:00:00','18:00:00', 5000, 'content'),
       (6, '현대자동차(주)대구서비스센터', 6, '053-128-5641', '06:00:00','18:00:00', 6000, 'content'),
       (7, '한국타이어경대써비스', 7, '053-455-9181', '07:00:00','18:00:00', 7000, 'content'),
       (8, '장가이버', 8, '053-118-2382', '08:00:00','18:00:00', 8000, 'content'),
       (9, '세방하이드로빽', 9, '053-119-1111', '09:00:00','18:00:00', 9000, 'content'),
       (10, '신암카센타', 10, '053-889-9386', '10:00:00','18:00:00', 10000, 'content');

-- << Charger >> --
INSERT INTO charger (id, car_center_id, charger_type, current_type, minimum_time, volume)
VALUES (1, 1, 'DC_FAST', 'AVAILABLE',1, 1),
       (2, 1, 'DC_FAST', 'AVAILABLE',1, 1),
       (3, 1, 'DC_FAST', 'AVAILABLE',1, 1),
       (4, 1, 'DC_FAST', 'AVAILABLE',1, 1),
       (5, 2, 'AC_3', 'AVAILABLE',1, 1),
       (6, 2, 'AC_3', 'AVAILABLE',1, 1),
       (7, 2, 'AC_3', 'AVAILABLE',1, 1),
       (8, 2, 'AC_3', 'AVAILABLE',1, 1),
       (9, 3, 'DC_DEMO', 'AVAILABLE',1, 1),
       (10, 3, 'DC_DEMO', 'AVAILABLE',1, 1),
       (11, 3, 'DC_DEMO', 'AVAILABLE',1, 1),
       (12, 3, 'DC_DEMO', 'AVAILABLE',1, 1),
       (13, 4, 'SLOW', 'AVAILABLE',1, 1),
       (14, 4, 'SLOW', 'AVAILABLE',1, 1),
       (15, 4, 'SLOW', 'AVAILABLE',1, 1),
       (16, 4, 'SLOW', 'AVAILABLE',1, 1),
       (17, 5, 'DC_FAST', 'AVAILABLE',1, 1),
       (18, 5, 'DC_FAST', 'AVAILABLE',1, 1),
       (19, 5, 'DC_FAST', 'AVAILABLE',1, 1),
       (20, 5, 'DC_FAST', 'AVAILABLE',1, 1),
       (21, 6, 'AC_3', 'AVAILABLE',1, 1),
       (22, 6, 'AC_3', 'AVAILABLE',1, 1),
       (23, 6, 'AC_3', 'AVAILABLE',1, 1),
       (24, 6, 'AC_3', 'AVAILABLE',1, 1),
       (25, 7, 'SLOW', 'AVAILABLE',1, 1),
       (26, 7, 'SLOW', 'AVAILABLE',1, 1),
       (27, 7, 'SLOW', 'AVAILABLE',1, 1),
       (28, 7, 'SLOW', 'AVAILABLE',1, 1),
       (29, 8, 'DC_FAST', 'AVAILABLE',1, 1),
       (30, 8, 'DC_FAST', 'AVAILABLE',1, 1),
       (31, 8, 'DC_FAST', 'AVAILABLE',1, 1),
       (32, 8, 'DC_FAST', 'AVAILABLE',1, 1),
       (33, 9, 'AC_3', 'AVAILABLE',1, 1),
       (34, 9, 'AC_3', 'AVAILABLE',1, 1),
       (35, 9, 'AC_3', 'AVAILABLE',1, 1),
       (36, 9, 'AC_3', 'AVAILABLE',1, 1),
       (37, 10, 'DC_DEMO', 'AVAILABLE',1, 1),
       (38, 10, 'DC_DEMO', 'AVAILABLE',1, 1),
       (39, 10, 'DC_DEMO', 'AVAILABLE',1, 1),
       (40, 10, 'DC_DEMO', 'AVAILABLE',1, 1);
-- << User >> --
INSERT INTO user (id, name, email, phone_number, time_stamp, image_path)
VALUES (1, 'Afreen Khan', 'user1@gmail.com', '010-1111-1111', '12:47 PM', 'https://images.pexels.com/photos/220453/pexels-photo-220453.jpeg?auto=compress&cs=tinysrgb&dpr=1&w=500'),
       (2, 'Sujita Mathur', 'user2@gmail.com', '010-1112-1112', '11:11 PM', 'https://encrypted-tbn0.gstatic.com/images?q=tbn:ANd9GcTyEaZqT3fHeNrPGcnjLLX1v_W4mvBlgpwxnA&usqp=CAU'),
       (3, 'Anci Barroco', 'user3@gmail.com', '010-1113-1113', '6:22 PM', 'https://miro.medium.com/max/1400/0*0fClPmIScV5pTLoE.jpg'),
       (4, 'Aniket Kumar', 'user4@gmail.com', '010-1114-1114', '8:56 PM', 'https://encrypted-tbn0.gstatic.com/images?q=tbn:ANd9GcSr01zI37DYuR8bMV5exWQBSw28C1v_71CAh8d7GP1mplcmTgQA6Q66Oo--QedAN1B4E1k&usqp=CAU'),
       (5, 'Kiara', 'user5@gmail.com', '010-1115-1115', '12:47 PM', 'https://encrypted-tbn0.gstatic.com/images?q=tbn:ANd9GcRBwgu1A5zgPSvfE83nurkuzNEoXs9DMNr8Ww&usqp=CAU');

-- << Review >> --
INSERT INTO review (id, content, created_time, modified_time, star_rate, title, car_center_id, user_id)
VALUES (1, 'Good Day!', '2023-06-01 11:31:14.982873', '2023-06-01 11:31:14.982873', 1, 'Review 1', 1, 1),
       (2, 'Cheer up, there!', '2023-06-01 11:31:14.982873', '2023-06-01 11:31:14.982873', 2, 'Review 2', 1, 2),
       (3, 'Good Day!', '2023-06-01 11:31:14.982873', '2023-06-01 11:31:14.982873', 3, 'Review 3', 1, 3),
       (4, 'All the best', '2023-06-01 11:31:14.982873', '2023-06-01 11:31:14.982873', 4, 'Review 4', 1, 4),
       (5, 'I will call today.', '2023-06-01 11:31:14.982873', '2023-06-01 11:31:14.982873', 5, 'Review 5', 1, 5),
       (6, 'Good Day!', '2023-06-01 11:31:14.982873', '2023-06-01 11:31:14.982873', 1, 'Review 1', 2, 1),
       (7, 'Cheer up, there!', '2023-06-01 11:31:14.982873', '2023-06-01 11:31:14.982873', 2, 'Review 2', 2, 2),
       (8, 'Good Day!', '2023-06-01 11:31:14.982873', '2023-06-01 11:31:14.982873', 3, 'Review 3', 2, 3),
       (9, 'All the best', '2023-06-01 11:31:14.982873', '2023-06-01 11:31:14.982873', 4, 'Review 4', 2, 4),
       (10, 'I will call today.', '2023-06-01 11:31:14.982873', '2023-06-01 11:31:14.982873', 5, 'Review 5', 2, 5),
       (11, 'Good Day!', '2023-06-01 11:31:14.982873', '2023-06-01 11:31:14.982873', 1, 'Review 1', 3, 1),
       (12, 'Cheer up, there!', '2023-06-01 11:31:14.982873', '2023-06-01 11:31:14.982873', 2, 'Review 2', 3, 2),
       (13, 'Good Day!', '2023-06-01 11:31:14.982873', '2023-06-01 11:31:14.982873', 3, 'Review 3', 3, 3),
       (14, 'All the best', '2023-06-01 11:31:14.982873', '2023-06-01 11:31:14.982873', 4, 'Review 4', 3, 4),
       (15, 'I will call today.', '2023-06-01 11:31:14.982873', '2023-06-01 11:31:14.982873', 5, 'Review 5', 3, 5),
       (16, 'Good Day!', '2023-06-01 11:31:14.982873', '2023-06-01 11:31:14.982873', 1, 'Review 1', 4, 1),
       (17, 'Cheer up, there!', '2023-06-01 11:31:14.982873', '2023-06-01 11:31:14.982873', 2, 'Review 2', 4, 2),
       (18, 'Good Day!', '2023-06-01 11:31:14.982873', '2023-06-01 11:31:14.982873', 3, 'Review 3', 4, 3),
       (19, 'All the best', '2023-06-01 11:31:14.982873', '2023-06-01 11:31:14.982873', 4, 'Review 4', 4, 4),
       (20, 'I will call today.', '2023-06-01 11:31:14.982873', '2023-06-01 11:31:14.982873', 5, 'Review 5', 4, 5),
       (21, 'Good Day!', '2023-06-01 11:31:14.982873', '2023-06-01 11:31:14.982873', 1, 'Review 1', 5, 1),
       (22, 'Cheer up, there!', '2023-06-01 11:31:14.982873', '2023-06-01 11:31:14.982873', 2, 'Review 2', 5, 2),
       (23, 'Good Day!', '2023-06-01 11:31:14.982873', '2023-06-01 11:31:14.982873', 3, 'Review 3', 5, 3),
       (24, 'All the best', '2023-06-01 11:31:14.982873', '2023-06-01 11:31:14.982873', 4, 'Review 4', 5, 4),
       (25, 'I will call today.', '2023-06-01 11:31:14.982873', '2023-06-01 11:31:14.982873', 5, 'Review 5', 5, 5),
       (26, 'Good Day!', '2023-06-01 11:31:14.982873', '2023-06-01 11:31:14.982873', 1, 'Review 1', 6, 1),
       (27, 'Cheer up, there!', '2023-06-01 11:31:14.982873', '2023-06-01 11:31:14.982873', 2, 'Review 2', 6, 2),
       (28, 'Good Day!', '2023-06-01 11:31:14.982873', '2023-06-01 11:31:14.982873', 3, 'Review 3', 6, 3),
       (29, 'All the best', '2023-06-01 11:31:14.982873', '2023-06-01 11:31:14.982873', 4, 'Review 4', 6, 4),
       (30, 'I will call today.', '2023-06-01 11:31:14.982873', '2023-06-01 11:31:14.982873', 5, 'Review 5', 6, 5),
       (31, 'Good Day!', '2023-06-01 11:31:14.982873', '2023-06-01 11:31:14.982873', 1, 'Review 1', 7, 1),
       (32, 'Cheer up, there!', '2023-06-01 11:31:14.982873', '2023-06-01 11:31:14.982873', 2, 'Review 2', 7, 2),
       (33, 'Good Day!', '2023-06-01 11:31:14.982873', '2023-06-01 11:31:14.982873', 3, 'Review 3', 7, 3),
       (34, 'All the best', '2023-06-01 11:31:14.982873', '2023-06-01 11:31:14.982873', 4, 'Review 4', 7, 4),
       (35, 'I will call today.', '2023-06-01 11:31:14.982873', '2023-06-01 11:31:14.982873', 5, 'Review 5', 7, 5),
       (36, 'Good Day!', '2023-06-01 11:31:14.982873', '2023-06-01 11:31:14.982873', 1, 'Review 1', 8, 1),
       (37, 'Cheer up, there!', '2023-06-01 11:31:14.982873', '2023-06-01 11:31:14.982873', 2, 'Review 2', 8, 2),
       (38, 'Good Day!', '2023-06-01 11:31:14.982873', '2023-06-01 11:31:14.982873', 3, 'Review 3', 8, 3),
       (39, 'All the best', '2023-06-01 11:31:14.982873', '2023-06-01 11:31:14.982873', 4, 'Review 4', 8, 4),
       (40, 'I will call today.', '2023-06-01 11:31:14.982873', '2023-06-01 11:31:14.982873', 5, 'Review 5', 8, 5),
       (41, 'Good Day!', '2023-06-01 11:31:14.982873', '2023-06-01 11:31:14.982873', 1, 'Review 1', 9, 1),
       (42, 'Cheer up, there!', '2023-06-01 11:31:14.982873', '2023-06-01 11:31:14.982873', 2, 'Review 2', 9, 2),
       (43, 'Good Day!', '2023-06-01 11:31:14.982873', '2023-06-01 11:31:14.982873', 3, 'Review 3', 9, 3),
       (44, 'All the best', '2023-06-01 11:31:14.982873', '2023-06-01 11:31:14.982873', 4, 'Review 4', 9, 4),
       (45, 'I will call today.', '2023-06-01 11:31:14.982873', '2023-06-01 11:31:14.982873', 5, 'Review 5', 9, 5),
       (46, 'Good Day!', '2023-06-01 11:31:14.982873', '2023-06-01 11:31:14.982873', 1, 'Review 1', 10, 1),
       (47, 'Cheer up, there!', '2023-06-01 11:31:14.982873', '2023-06-01 11:31:14.982873', 2, 'Review 2', 10, 2),
       (48, 'Good Day!', '2023-06-01 11:31:14.982873', '2023-06-01 11:31:14.982873', 3, 'Review 3', 10, 3),
       (49, 'All the best', '2023-06-01 11:31:14.982873', '2023-06-01 11:31:14.982873', 4, 'Review 4', 10, 4),
       (50, 'I will call today.', '2023-06-01 11:31:14.982873', '2023-06-01 11:31:14.982873', 5, 'Review 5', 10, 5);

--<< Reservation >>--
INSERT INTO reservation (id, car_center_id, user_id, created_time, modified_time, reservation_status)
VALUES (1, 1, 1, '2023-06-01 11:31:14.982873', '2023-06-01 11:31:14.982873', 'REGISTERED'),
       (2, 2, 2, '2023-06-02 11:31:14.982873', '2023-06-02 11:31:14.982873', 'REGISTERED'),
       (3, 3, 3, '2023-06-03 11:31:14.982873', '2023-06-03 11:31:14.982873', 'REGISTERED'),
       (4, 4, 4, '2023-06-04 11:31:14.982873', '2023-06-04 11:31:14.982873', 'REGISTERED'),
       (5, 5, 5, '2023-06-05 11:31:14.982873', '2023-06-05 11:31:14.982873', 'REGISTERED');

--<< Payment >>--
INSERT INTO payment (id, user_id, car_center_id, created_time, modified_time, payment_type, amount)
VALUES (1, 1, 1, '2023-06-01 11:31:14.982873', '2023-06-01 11:31:14.982873', 'CARD', 11000),
       (2, 1, 2, '2023-06-02 11:31:14.982873', '2023-06-02 11:31:14.982873', 'DAEGU_HAPPY_PAY', 12000),
       (3, 1, 3, '2023-06-03 11:31:14.982873', '2023-06-03 11:31:14.982873', 'DAEGU_RO_CARD', 13000),
       (4, 2, 4, '2023-06-04 11:31:14.982873', '2023-06-04 11:31:14.982873', 'DEPOSIT', 14000),
       (5, 2, 5, '2023-06-05 11:31:14.982873', '2023-06-05 11:31:14.982873', 'ONNURI_GIFT_CARD', 15000),
       (6, 2, 6, '2023-06-06 11:31:14.982873', '2023-06-06 11:31:14.982873', 'DAEGU_HAPPY_PAY', 16000),
       (7, 3, 7, '2023-06-07 11:31:14.982873', '2023-06-07 11:31:14.982873', 'DAEGU_RO_CARD', 17000),
       (8, 3, 8, '2023-06-08 11:31:14.982873', '2023-06-08 11:31:14.982873', 'DEPOSIT', 18000),
       (9, 3, 9, '2023-06-09 11:31:14.982873', '2023-06-09 11:31:14.982873', 'ONNURI_GIFT_CARD', 19000);