-- << Address >> --
INSERT INTO address (id, latitude, longitude)
VALUES (1, 35.1111, 126.1111),
       (2, 36.2222, 127.2222),
       (3, 37.3333, 128.3333),
       (4, 38.4444, 129.4444),
       (5, 39.5555, 130.5555),
       (6, 40.6666, 131.6666),
       (7, 41.7777, 132.7777),
       (8, 42.8888, 133.8888),
       (9, 43.9999, 134.9999),
       (10, 44.0001, 135.0001);

-- << Car Center >> --
INSERT INTO car_center (id, name, address_id, number, start_time, end_time)
VALUES (1, 'Car Center 1', 1, '053-111-1111', '01:00:00','18:00:00'),
       (2, 'Car Center 2', 2, '053-222-1111', '02:00:00','18:00:00'),
       (3, 'Car Center 3', 3, '053-333-1111', '03:00:00','18:00:00'),
       (4, 'Car Center 4', 4, '053-444-1111', '04:00:00','18:00:00'),
       (5, 'Car Center 5', 5, '053-115-1111', '05:00:00','18:00:00'),
       (6, 'Car Center 6', 6, '053-116-1111', '06:00:00','18:00:00'),
       (7, 'Car Center 7', 7, '053-117-1111', '07:00:00','18:00:00'),
       (8, 'Car Center 8', 8, '053-118-1111', '08:00:00','18:00:00'),
       (9, 'Car Center 9', 9, '053-119-1111', '09:00:00','18:00:00'),
       (10, 'Car Center 10', 10, '053-110-1111', '10:00:00','18:00:00');

-- << Charger >> --
INSERT INTO charger (id, car_center_id, charger_type, current_type, minimum_time, volume)
VALUES (1, 1, 'DC_FAST', 'AVAILABLE',1, 1),
       (2, 1, 'AC_3', 'AVAILABLE',1, 1),
       (3, 1, 'DC_COMBO', 'AVAILABLE',1, 1),
       (4, 1, 'FIVE_PIN', 'AVAILABLE',1, 1),
       (5, 2, 'DC_FAST', 'AVAILABLE',1, 1),
       (6, 2, 'AC_3', 'AVAILABLE',1, 1),
       (7, 2, 'DC_COMBO', 'AVAILABLE',1, 1),
       (8, 2, 'FIVE_PIN', 'AVAILABLE',1, 1),
       (9, 3, 'DC_FAST', 'AVAILABLE',1, 1),
       (10, 3, 'AC_3', 'AVAILABLE',1, 1),
       (11, 3, 'DC_COMBO', 'AVAILABLE',1, 1),
       (12, 3, 'FIVE_PIN', 'AVAILABLE',1, 1),
       (13, 4, 'DC_FAST', 'AVAILABLE',1, 1),
       (14, 4, 'AC_3', 'AVAILABLE',1, 1),
       (15, 4, 'DC_COMBO', 'AVAILABLE',1, 1),
       (16, 4, 'FIVE_PIN', 'AVAILABLE',1, 1),
       (17, 5, 'DC_FAST', 'AVAILABLE',1, 1),
       (18, 5, 'AC_3', 'AVAILABLE',1, 1),
       (19, 5, 'DC_COMBO', 'AVAILABLE',1, 1),
       (20, 5, 'FIVE_PIN', 'AVAILABLE',1, 1),
       (21, 6, 'DC_FAST', 'AVAILABLE',1, 1),
       (22, 6, 'AC_3', 'AVAILABLE',1, 1),
       (23, 6, 'DC_COMBO', 'AVAILABLE',1, 1),
       (24, 6, 'FIVE_PIN', 'AVAILABLE',1, 1),
       (25, 7, 'DC_FAST', 'AVAILABLE',1, 1),
       (26, 7, 'AC_3', 'AVAILABLE',1, 1),
       (27, 7, 'DC_COMBO', 'AVAILABLE',1, 1),
       (28, 7, 'FIVE_PIN', 'AVAILABLE',1, 1),
       (29, 8, 'DC_FAST', 'AVAILABLE',1, 1),
       (30, 8, 'AC_3', 'AVAILABLE',1, 1),
       (31, 8, 'DC_COMBO', 'AVAILABLE',1, 1),
       (32, 8, 'FIVE_PIN', 'AVAILABLE',1, 1),
       (33, 9, 'DC_FAST', 'AVAILABLE',1, 1),
       (34, 9, 'AC_3', 'AVAILABLE',1, 1),
       (35, 9, 'DC_COMBO', 'AVAILABLE',1, 1),
       (36, 9, 'FIVE_PIN', 'AVAILABLE',1, 1),
       (37, 10, 'DC_FAST', 'AVAILABLE',1, 1),
       (38, 10, 'AC_3', 'AVAILABLE',1, 1),
       (39, 10, 'DC_COMBO', 'AVAILABLE',1, 1),
       (40, 10, 'FIVE_PIN', 'AVAILABLE',1, 1);
